NaN,0xFE9EFadeb0Db156b8A1f9C6Cf65afcf428373678,2023-07-14 17:08:31,Pancakeswap Factory,https://pancakeswap.finance/swap?outputCurrency=0xFE9EFadeb0Db156b8A1f9C6Cf65afcf428373678,https://poocoin.app/tokens/0xFE9EFadeb0Db156b8A1f9C6Cf65afcf428373678,https://bscscan.com/token/0xFE9EFadeb0Db156b8A1f9C6Cf65afcf428373678
XRP XAI,0x9F7970B536F966Ded68f1C8bFFD17F4281a96B37,2023-07-14 17:11:02,Pancakeswap Factory,https://pancakeswap.finance/swap?outputCurrency=0x9F7970B536F966Ded68f1C8bFFD17F4281a96B37,https://poocoin.app/tokens/0x9F7970B536F966Ded68f1C8bFFD17F4281a96B37,https://bscscan.com/token/0x9F7970B536F966Ded68f1C8bFFD17F4281a96B37
XRPSwift,0x64fe69d646Bb606e57f851A14c22c6F4ac0649Cb,2023-07-14 17:11:17,Pancakeswap Factory,https://pancakeswap.finance/swap?outputCurrency=0x64fe69d646Bb606e57f851A14c22c6F4ac0649Cb,https://poocoin.app/tokens/0x64fe69d646Bb606e57f851A14c22c6F4ac0649Cb,https://bscscan.com/token/0x64fe69d646Bb606e57f851A14c22c6F4ac0649Cb
Sui Pepe,0xe2139d5af73679E9D875de11824139F5FB949241,2023-07-14 17:13:47,Pancakeswap Factory,https://pancakeswap.finance/swap?outputCurrency=0xe2139d5af73679E9D875de11824139F5FB949241,https://poocoin.app/tokens/0xe2139d5af73679E9D875de11824139F5FB949241,https://bscscan.com/token/0xe2139d5af73679E9D875de11824139F5FB949241
KATE,0x1676D4E4DFB61fd4C4A1bee72A67B66b04abf752,2023-07-14 17:15:07,Pancakeswap Factory,https://pancakeswap.finance/swap?outputCurrency=0x1676D4E4DFB61fd4C4A1bee72A67B66b04abf752,https://poocoin.app/tokens/0x1676D4E4DFB61fd4C4A1bee72A67B66b04abf752,https://bscscan.com/token/0x1676D4E4DFB61fd4C4A1bee72A67B66b04abf752
Bull Stock 2.0,0x99B1b1328df82Fb15A73595948B25475ceb681e4,2023-07-14 17:15:31,Pancakeswap Factory,https://pancakeswap.finance/swap?outputCurrency=0x99B1b1328df82Fb15A73595948B25475ceb681e4,https://poocoin.app/tokens/0x99B1b1328df82Fb15A73595948B25475ceb681e4,https://bscscan.com/token/0x99B1b1328df82Fb15A73595948B25475ceb681e4
RippleChain2.0,0x73FAEA7588334731FDB24cFe237496907e053d5A,2023-07-14 17:15:56,Pancakeswap Factory,https://pancakeswap.finance/swap?outputCurrency=0x73FAEA7588334731FDB24cFe237496907e053d5A,https://poocoin.app/tokens/0x73FAEA7588334731FDB24cFe237496907e053d5A,https://bscscan.com/token/0x73FAEA7588334731FDB24cFe237496907e053d5A
Cogito Protocol,0x9D7Ba5C3834671F0e9e826D7d5DE8D4672c5c9b3,2023-07-14 17:17:06,Pancakeswap Factory,https://pancakeswap.finance/swap?outputCurrency=0x9D7Ba5C3834671F0e9e826D7d5DE8D4672c5c9b3,https://poocoin.app/tokens/0x9D7Ba5C3834671F0e9e826D7d5DE8D4672c5c9b3,https://bscscan.com/token/0x9D7Ba5C3834671F0e9e826D7d5DE8D4672c5c9b3
NaN,0xDD1b6B259986571A85dA82A84f461e1c212591c0,2023-07-14 17:18:36,Pancakeswap Factory,https://pancakeswap.finance/swap?outputCurrency=0xDD1b6B259986571A85dA82A84f461e1c212591c0,https://poocoin.app/tokens/0xDD1b6B259986571A85dA82A84f461e1c212591c0,https://bscscan.com/token/0xDD1b6B259986571A85dA82A84f461e1c212591c0
Lily,0x99B935c78d5788DeC6efD4fe43919219c6df1C7B,2023-07-14 17:18:40,Pancakeswap Factory,https://pancakeswap.finance/swap?outputCurrency=0x99B935c78d5788DeC6efD4fe43919219c6df1C7B,https://poocoin.app/tokens/0x99B935c78d5788DeC6efD4fe43919219c6df1C7B,https://bscscan.com/token/0x99B935c78d5788DeC6efD4fe43919219c6df1C7B
HTRY,0xA326A067266e30f2b28c9C18E024De6012A99999,2023-07-14 17:19:05,Pancakeswap Factory,https://pancakeswap.finance/swap?outputCurrency=0xA326A067266e30f2b28c9C18E024De6012A99999,https://poocoin.app/tokens/0xA326A067266e30f2b28c9C18E024De6012A99999,https://bscscan.com/token/0xA326A067266e30f2b28c9C18E024De6012A99999
Banana Cat,0x5D4690C9177C8A3F7c95E13E4361B8F224EC1c80,2023-07-14 17:21:07,Pancakeswap Factory,https://pancakeswap.finance/swap?outputCurrency=0x5D4690C9177C8A3F7c95E13E4361B8F224EC1c80,https://poocoin.app/tokens/0x5D4690C9177C8A3F7c95E13E4361B8F224EC1c80,https://bscscan.com/token/0x5D4690C9177C8A3F7c95E13E4361B8F224EC1c80
NaN,0xCb3C42A45Be6223536d2Ad3844a7205D921B8393,2023-07-14 17:21:59,Pancakeswap Factory,https://pancakeswap.finance/swap?outputCurrency=0xCb3C42A45Be6223536d2Ad3844a7205D921B8393,https://poocoin.app/tokens/0xCb3C42A45Be6223536d2Ad3844a7205D921B8393,https://bscscan.com/token/0xCb3C42A45Be6223536d2Ad3844a7205D921B8393
NaN,0x766679Dc4993C682544495bc200f197F9e651CD2,2023-07-14 17:22:10,Pancakeswap Factory,https://pancakeswap.finance/swap?outputCurrency=0x766679Dc4993C682544495bc200f197F9e651CD2,https://poocoin.app/tokens/0x766679Dc4993C682544495bc200f197F9e651CD2,https://bscscan.com/token/0x766679Dc4993C682544495bc200f197F9e651CD2
OXYO2,0x53940D46a35162255511ff7cade811891d49533c,2023-07-14 17:22:33,Pancakeswap Factory,https://pancakeswap.finance/swap?outputCurrency=0x53940D46a35162255511ff7cade811891d49533c,https://poocoin.app/tokens/0x53940D46a35162255511ff7cade811891d49533c,https://bscscan.com/token/0x53940D46a35162255511ff7cade811891d49533c
Green Lantern,0x73F7f825E297786c581DB047693164107957002D,2023-07-14 17:24:00,Pancakeswap Factory,https://pancakeswap.finance/swap?outputCurrency=0x73F7f825E297786c581DB047693164107957002D,https://poocoin.app/tokens/0x73F7f825E297786c581DB047693164107957002D,https://bscscan.com/token/0x73F7f825E297786c581DB047693164107957002D
BABYXRP2.0,0x42ac09b03a23cE83df1E7C6ee1bCFeE3ce42DEBc,2023-07-14 17:24:03,Pancakeswap Factory,https://pancakeswap.finance/swap?outputCurrency=0x42ac09b03a23cE83df1E7C6ee1bCFeE3ce42DEBc,https://poocoin.app/tokens/0x42ac09b03a23cE83df1E7C6ee1bCFeE3ce42DEBc,https://bscscan.com/token/0x42ac09b03a23cE83df1E7C6ee1bCFeE3ce42DEBc
Elon Linda CEO,0xeB5fbdC9b5ed7907562BA10d58753544D575332B,2023-07-14 17:26:25,Pancakeswap Factory,https://pancakeswap.finance/swap?outputCurrency=0xeB5fbdC9b5ed7907562BA10d58753544D575332B,https://poocoin.app/tokens/0xeB5fbdC9b5ed7907562BA10d58753544D575332B,https://bscscan.com/token/0xeB5fbdC9b5ed7907562BA10d58753544D575332B
Tweety,0xe078f62859bFF24E966578c3BF24f32E29bCDdac,2023-07-14 17:27:25,Pancakeswap Factory,https://pancakeswap.finance/swap?outputCurrency=0xe078f62859bFF24E966578c3BF24f32E29bCDdac,https://poocoin.app/tokens/0xe078f62859bFF24E966578c3BF24f32E29bCDdac,https://bscscan.com/token/0xe078f62859bFF24E966578c3BF24f32E29bCDdac
One Xrp,0x6e7CCA7aFb99B5895a0EE2B5CbFf23a8267d890B,2023-07-14 17:29:27,Pancakeswap Factory,https://pancakeswap.finance/swap?outputCurrency=0x6e7CCA7aFb99B5895a0EE2B5CbFf23a8267d890B,https://poocoin.app/tokens/0x6e7CCA7aFb99B5895a0EE2B5CbFf23a8267d890B,https://bscscan.com/token/0x6e7CCA7aFb99B5895a0EE2B5CbFf23a8267d890B
dumb,0x5FeeB9DCe897e9303c330a4E3F70994bD5A9068F,2023-07-14 17:30:09,Pancakeswap Factory,https://pancakeswap.finance/swap?outputCurrency=0x5FeeB9DCe897e9303c330a4E3F70994bD5A9068F,https://poocoin.app/tokens/0x5FeeB9DCe897e9303c330a4E3F70994bD5A9068F,https://bscscan.com/token/0x5FeeB9DCe897e9303c330a4E3F70994bD5A9068F
RecoverEthFee,0x65181076ecB2D23046F1BF572D3d365292aAff0E,2023-07-14 17:30:28,Pancakeswap Factory,https://pancakeswap.finance/swap?outputCurrency=0x65181076ecB2D23046F1BF572D3d365292aAff0E,https://poocoin.app/tokens/0x65181076ecB2D23046F1BF572D3d365292aAff0E,https://bscscan.com/token/0x65181076ecB2D23046F1BF572D3d365292aAff0E
Garbage Pail Kids,0xBB61435Db8dF75D20ad254237C34dB41263532D3,2023-07-14 17:30:56,Pancakeswap Factory,https://pancakeswap.finance/swap?outputCurrency=0xBB61435Db8dF75D20ad254237C34dB41263532D3,https://poocoin.app/tokens/0xBB61435Db8dF75D20ad254237C34dB41263532D3,https://bscscan.com/token/0xBB61435Db8dF75D20ad254237C34dB41263532D3
Shinja,0x9267a2055Da7423fDdcF7AaE2d800A67ae922697,2023-07-14 17:31:21,Pancakeswap Factory,https://pancakeswap.finance/swap?outputCurrency=0x9267a2055Da7423fDdcF7AaE2d800A67ae922697,https://poocoin.app/tokens/0x9267a2055Da7423fDdcF7AaE2d800A67ae922697,https://bscscan.com/token/0x9267a2055Da7423fDdcF7AaE2d800A67ae922697
ä¸‰ä½“,0x090Ef81251b25434823eb087D050D390a129cA48,2023-07-14 17:31:24,Pancakeswap Factory,https://pancakeswap.finance/swap?outputCurrency=0x090Ef81251b25434823eb087D050D390a129cA48,https://poocoin.app/tokens/0x090Ef81251b25434823eb087D050D390a129cA48,https://bscscan.com/token/0x090Ef81251b25434823eb087D050D390a129cA48
TopG2.0,0xfdFA7cA868c1D55D97FE2a26B55852a7617d08f6,2023-07-14 17:32:06,Pancakeswap Factory,https://pancakeswap.finance/swap?outputCurrency=0xfdFA7cA868c1D55D97FE2a26B55852a7617d08f6,https://poocoin.app/tokens/0xfdFA7cA868c1D55D97FE2a26B55852a7617d08f6,https://bscscan.com/token/0xfdFA7cA868c1D55D97FE2a26B55852a7617d08f6
NaN,0x0bEd0c94bD847B043f18F824D378cBE16624bef6,2023-07-14 17:32:17,Pancakeswap Factory,https://pancakeswap.finance/swap?outputCurrency=0x0bEd0c94bD847B043f18F824D378cBE16624bef6,https://poocoin.app/tokens/0x0bEd0c94bD847B043f18F824D378cBE16624bef6,https://bscscan.com/token/0x0bEd0c94bD847B043f18F824D378cBE16624bef6
NaN,0xd64E4b74cc95d49d89EB94279e87be9d2d87C56E,2023-07-14 17:32:38,Pancakeswap Factory,https://pancakeswap.finance/swap?outputCurrency=0xd64E4b74cc95d49d89EB94279e87be9d2d87C56E,https://poocoin.app/tokens/0xd64E4b74cc95d49d89EB94279e87be9d2d87C56E,https://bscscan.com/token/0xd64E4b74cc95d49d89EB94279e87be9d2d87C56E
MooMoohCoin,0x03e640d0f2a722036D71EA369B6E387C134Be4eF,2023-07-14 17:33:27,Pancakeswap Factory,https://pancakeswap.finance/swap?outputCurrency=0x03e640d0f2a722036D71EA369B6E387C134Be4eF,https://poocoin.app/tokens/0x03e640d0f2a722036D71EA369B6E387C134Be4eF,https://bscscan.com/token/0x03e640d0f2a722036D71EA369B6E387C134Be4eF
 Bull Bear Ai Token ,0x16B8775006CE80069389c28d4DF6A0B6D767297a,2023-07-14 17:35:36,Pancakeswap Factory,https://pancakeswap.finance/swap?outputCurrency=0x16B8775006CE80069389c28d4DF6A0B6D767297a,https://poocoin.app/tokens/0x16B8775006CE80069389c28d4DF6A0B6D767297a,https://bscscan.com/token/0x16B8775006CE80069389c28d4DF6A0B6D767297a
NaN,0x4dCa3F7Ba65CCe25ac753D5aE8d7C8275F0663FB,2023-07-14 17:36:02,Pancakeswap Factory,https://pancakeswap.finance/swap?outputCurrency=0x4dCa3F7Ba65CCe25ac753D5aE8d7C8275F0663FB,https://poocoin.app/tokens/0x4dCa3F7Ba65CCe25ac753D5aE8d7C8275F0663FB,https://bscscan.com/token/0x4dCa3F7Ba65CCe25ac753D5aE8d7C8275F0663FB
zkGamingHub,0xF45ee22c512365AF3Ac4F729ecab4aFa426Cb635,2023-07-14 17:36:24,Pancakeswap Factory,https://pancakeswap.finance/swap?outputCurrency=0xF45ee22c512365AF3Ac4F729ecab4aFa426Cb635,https://poocoin.app/tokens/0xF45ee22c512365AF3Ac4F729ecab4aFa426Cb635,https://bscscan.com/token/0xF45ee22c512365AF3Ac4F729ecab4aFa426Cb635
Test Token,0x4fD468792c439e39929f4fd1339E7976AfD29e10,2023-07-14 17:36:41,Pancakeswap Factory,https://pancakeswap.finance/swap?outputCurrency=0x4fD468792c439e39929f4fd1339E7976AfD29e10,https://poocoin.app/tokens/0x4fD468792c439e39929f4fd1339E7976AfD29e10,https://bscscan.com/token/0x4fD468792c439e39929f4fd1339E7976AfD29e10
NaN,0x02EB89E2BD39c7A0032b0e3597cA462C82eacDa1,2023-07-14 17:37:29,Pancakeswap Factory,https://pancakeswap.finance/swap?outputCurrency=0x02EB89E2BD39c7A0032b0e3597cA462C82eacDa1,https://poocoin.app/tokens/0x02EB89E2BD39c7A0032b0e3597cA462C82eacDa1,https://bscscan.com/token/0x02EB89E2BD39c7A0032b0e3597cA462C82eacDa1
RippleAi,0xD9AC1214b75F3e9DA63Bdc71d3a99677941D5A54,2023-07-14 17:37:48,Pancakeswap Factory,https://pancakeswap.finance/swap?outputCurrency=0xD9AC1214b75F3e9DA63Bdc71d3a99677941D5A54,https://poocoin.app/tokens/0xD9AC1214b75F3e9DA63Bdc71d3a99677941D5A54,https://bscscan.com/token/0xD9AC1214b75F3e9DA63Bdc71d3a99677941D5A54
NaN,0x52B3391a060f4F7CA1BA4ccd651bD3A99Ad5d876,2023-07-14 17:39:23,Pancakeswap Factory,https://pancakeswap.finance/swap?outputCurrency=0x52B3391a060f4F7CA1BA4ccd651bD3A99Ad5d876,https://poocoin.app/tokens/0x52B3391a060f4F7CA1BA4ccd651bD3A99Ad5d876,https://bscscan.com/token/0x52B3391a060f4F7CA1BA4ccd651bD3A99Ad5d876
LILY BSC,0xEe2a0799B611d063F492A4ba251db22Fe2FBeEe8,2023-07-14 17:40:56,Pancakeswap Factory,https://pancakeswap.finance/swap?outputCurrency=0xEe2a0799B611d063F492A4ba251db22Fe2FBeEe8,https://poocoin.app/tokens/0xEe2a0799B611d063F492A4ba251db22Fe2FBeEe8,https://bscscan.com/token/0xEe2a0799B611d063F492A4ba251db22Fe2FBeEe8
NaN,0x7eE6e945c17F49017D19131aD5C3CAd37bd8b304,2023-07-14 17:41:24,Pancakeswap Factory,https://pancakeswap.finance/swap?outputCurrency=0x7eE6e945c17F49017D19131aD5C3CAd37bd8b304,https://poocoin.app/tokens/0x7eE6e945c17F49017D19131aD5C3CAd37bd8b304,https://bscscan.com/token/0x7eE6e945c17F49017D19131aD5C3CAd37bd8b304
MS,0xdE3EBe2582aF1251A7F0044DD632FA6E9C446005,2023-07-14 17:42:52,Pancakeswap Factory,https://pancakeswap.finance/swap?outputCurrency=0xdE3EBe2582aF1251A7F0044DD632FA6E9C446005,https://poocoin.app/tokens/0xdE3EBe2582aF1251A7F0044DD632FA6E9C446005,https://bscscan.com/token/0xdE3EBe2582aF1251A7F0044DD632FA6E9C446005
kk,0x6c84B00e1424a337Ca16F739F5f1e8110BA86A29,2023-07-14 17:43:23,Pancakeswap Factory,https://pancakeswap.finance/swap?outputCurrency=0x6c84B00e1424a337Ca16F739F5f1e8110BA86A29,https://poocoin.app/tokens/0x6c84B00e1424a337Ca16F739F5f1e8110BA86A29,https://bscscan.com/token/0x6c84B00e1424a337Ca16F739F5f1e8110BA86A29
Yarloo $YARL,0x1bca90f9d46e8d9270aE036C1AbE30253123EAc4,2023-07-14 17:44:47,Pancakeswap Factory,https://pancakeswap.finance/swap?outputCurrency=0x1bca90f9d46e8d9270aE036C1AbE30253123EAc4,https://poocoin.app/tokens/0x1bca90f9d46e8d9270aE036C1AbE30253123EAc4,https://bscscan.com/token/0x1bca90f9d46e8d9270aE036C1AbE30253123EAc4
NaN,0x32f341C54272256D692B52a1ED29Bc40921038ea,2023-07-14 17:45:29,Pancakeswap Factory,https://pancakeswap.finance/swap?outputCurrency=0x32f341C54272256D692B52a1ED29Bc40921038ea,https://poocoin.app/tokens/0x32f341C54272256D692B52a1ED29Bc40921038ea,https://bscscan.com/token/0x32f341C54272256D692B52a1ED29Bc40921038ea
PepeRise,0x786058338d0975CBE92236daf047443B96692883,2023-07-14 17:46:12,Pancakeswap Factory,https://pancakeswap.finance/swap?outputCurrency=0x786058338d0975CBE92236daf047443B96692883,https://poocoin.app/tokens/0x786058338d0975CBE92236daf047443B96692883,https://bscscan.com/token/0x786058338d0975CBE92236daf047443B96692883
Ripple Frog,0x9b140A5Ba8848De10E280DB48E91752e1F95E46e,2023-07-14 17:48:38,Pancakeswap Factory,https://pancakeswap.finance/swap?outputCurrency=0x9b140A5Ba8848De10E280DB48E91752e1F95E46e,https://poocoin.app/tokens/0x9b140A5Ba8848De10E280DB48E91752e1F95E46e,https://bscscan.com/token/0x9b140A5Ba8848De10E280DB48E91752e1F95E46e
VenLink,0x9cc9119Fe68446D9E1aa09Bc6554706CCd1649A0,2023-07-14 17:48:41,Pancakeswap Factory,https://pancakeswap.finance/swap?outputCurrency=0x9cc9119Fe68446D9E1aa09Bc6554706CCd1649A0,https://poocoin.app/tokens/0x9cc9119Fe68446D9E1aa09Bc6554706CCd1649A0,https://bscscan.com/token/0x9cc9119Fe68446D9E1aa09Bc6554706CCd1649A0
NaN,0x78191Cf3f84BAc88aeBcef913d43479D926648E9,2023-07-14 17:52:08,Pancakeswap Factory,https://pancakeswap.finance/swap?outputCurrency=0x78191Cf3f84BAc88aeBcef913d43479D926648E9,https://poocoin.app/tokens/0x78191Cf3f84BAc88aeBcef913d43479D926648E9,https://bscscan.com/token/0x78191Cf3f84BAc88aeBcef913d43479D926648E9
Lily BSC,0xf41B0502D6B2bE42Cd100E8fEb1945500Db0A9C2,2023-07-14 17:53:57,Pancakeswap Factory,https://pancakeswap.finance/swap?outputCurrency=0xf41B0502D6B2bE42Cd100E8fEb1945500Db0A9C2,https://poocoin.app/tokens/0xf41B0502D6B2bE42Cd100E8fEb1945500Db0A9C2,https://bscscan.com/token/0xf41B0502D6B2bE42Cd100E8fEb1945500Db0A9C2
TOPGBACK,0xdED689B536cEc7b96b4fe7eA819c44569017B899,2023-07-14 17:54:47,Pancakeswap Factory,https://pancakeswap.finance/swap?outputCurrency=0xdED689B536cEc7b96b4fe7eA819c44569017B899,https://poocoin.app/tokens/0xdED689B536cEc7b96b4fe7eA819c44569017B899,https://bscscan.com/token/0xdED689B536cEc7b96b4fe7eA819c44569017B899
PEPE 2.0,0x7a51a65A5115b6f17eA986A5CE3fD2cF71Eed74D,2023-07-14 17:58:46,Pancakeswap Factory,https://pancakeswap.finance/swap?outputCurrency=0x7a51a65A5115b6f17eA986A5CE3fD2cF71Eed74D,https://poocoin.app/tokens/0x7a51a65A5115b6f17eA986A5CE3fD2cF71Eed74D,https://bscscan.com/token/0x7a51a65A5115b6f17eA986A5CE3fD2cF71Eed74D
TIME,0x529abCeFC09cD5cBd5A0e7Baf9Eb05943d28d76C,2023-07-14 17:58:51,Pancakeswap Factory,https://pancakeswap.finance/swap?outputCurrency=0x529abCeFC09cD5cBd5A0e7Baf9Eb05943d28d76C,https://poocoin.app/tokens/0x529abCeFC09cD5cBd5A0e7Baf9Eb05943d28d76C,https://bscscan.com/token/0x529abCeFC09cD5cBd5A0e7Baf9Eb05943d28d76C
PoseiSwap,0x163D8728bfD7d3765A92d0b2233709c668f5B4b0,2023-07-14 18:00:29,Pancakeswap Factory,https://pancakeswap.finance/swap?outputCurrency=0x163D8728bfD7d3765A92d0b2233709c668f5B4b0,https://poocoin.app/tokens/0x163D8728bfD7d3765A92d0b2233709c668f5B4b0,https://bscscan.com/token/0x163D8728bfD7d3765A92d0b2233709c668f5B4b0
JF,0xdCEfcfEE3D86907935A77012601bcF8CA035aC78,2023-07-14 18:02:51,Pancakeswap Factory,https://pancakeswap.finance/swap?outputCurrency=0xdCEfcfEE3D86907935A77012601bcF8CA035aC78,https://poocoin.app/tokens/0xdCEfcfEE3D86907935A77012601bcF8CA035aC78,https://bscscan.com/token/0xdCEfcfEE3D86907935A77012601bcF8CA035aC78
KK,0x9E29c3dCcD9d8a9D09cC2C5BA88C8232199951dC,2023-07-14 18:03:27,Pancakeswap Factory,https://pancakeswap.finance/swap?outputCurrency=0x9E29c3dCcD9d8a9D09cC2C5BA88C8232199951dC,https://poocoin.app/tokens/0x9E29c3dCcD9d8a9D09cC2C5BA88C8232199951dC,https://bscscan.com/token/0x9E29c3dCcD9d8a9D09cC2C5BA88C8232199951dC
LADYS2.0,0xb1016Eb7f95071A5F2BE1365BFBcCaa9a4F3Ee83,2023-07-14 18:03:30,Pancakeswap Factory,https://pancakeswap.finance/swap?outputCurrency=0xb1016Eb7f95071A5F2BE1365BFBcCaa9a4F3Ee83,https://poocoin.app/tokens/0xb1016Eb7f95071A5F2BE1365BFBcCaa9a4F3Ee83,https://bscscan.com/token/0xb1016Eb7f95071A5F2BE1365BFBcCaa9a4F3Ee83
Crypto Warland,0xAec16729eeE9AF20d6d2d1b1516f6dc4a8B5b2a0,2023-07-14 18:04:14,Pancakeswap Factory,https://pancakeswap.finance/swap?outputCurrency=0xAec16729eeE9AF20d6d2d1b1516f6dc4a8B5b2a0,https://poocoin.app/tokens/0xAec16729eeE9AF20d6d2d1b1516f6dc4a8B5b2a0,https://bscscan.com/token/0xAec16729eeE9AF20d6d2d1b1516f6dc4a8B5b2a0
NaN,0x8D599a8188F30FaDdE175A9126d326Ef35fEAB72,2023-07-14 18:04:46,Pancakeswap Factory,https://pancakeswap.finance/swap?outputCurrency=0x8D599a8188F30FaDdE175A9126d326Ef35fEAB72,https://poocoin.app/tokens/0x8D599a8188F30FaDdE175A9126d326Ef35fEAB72,https://bscscan.com/token/0x8D599a8188F30FaDdE175A9126d326Ef35fEAB72
TRVR,0xD3280DaDBDABB7eBA04693A763c465d435Cd6b6C,2023-07-14 18:05:39,Pancakeswap Factory,https://pancakeswap.finance/swap?outputCurrency=0xD3280DaDBDABB7eBA04693A763c465d435Cd6b6C,https://poocoin.app/tokens/0xD3280DaDBDABB7eBA04693A763c465d435Cd6b6C,https://bscscan.com/token/0xD3280DaDBDABB7eBA04693A763c465d435Cd6b6C
RIPPLE GROW,0xF00202717293F5E2690779Cfb5390334eeeD7229,2023-07-14 18:06:00,Pancakeswap Factory,https://pancakeswap.finance/swap?outputCurrency=0xF00202717293F5E2690779Cfb5390334eeeD7229,https://poocoin.app/tokens/0xF00202717293F5E2690779Cfb5390334eeeD7229,https://bscscan.com/token/0xF00202717293F5E2690779Cfb5390334eeeD7229
PepeRise,0xe55dF5C52E53f06740778af76544EF969FC2A02a,2023-07-14 18:09:22,Pancakeswap Factory,https://pancakeswap.finance/swap?outputCurrency=0xe55dF5C52E53f06740778af76544EF969FC2A02a,https://poocoin.app/tokens/0xe55dF5C52E53f06740778af76544EF969FC2A02a,https://bscscan.com/token/0xe55dF5C52E53f06740778af76544EF969FC2A02a
Crazy Pepe,0xf459340bf24813A30f8Ce011849035b607d4412c,2023-07-14 18:09:33,Pancakeswap Factory,https://pancakeswap.finance/swap?outputCurrency=0xf459340bf24813A30f8Ce011849035b607d4412c,https://poocoin.app/tokens/0xf459340bf24813A30f8Ce011849035b607d4412c,https://bscscan.com/token/0xf459340bf24813A30f8Ce011849035b607d4412c
Pepe Gold,0xfdb93E15bcFE4852016AA6b13eA3B53d792e0F95,2023-07-14 18:10:03,Pancakeswap Factory,https://pancakeswap.finance/swap?outputCurrency=0xfdb93E15bcFE4852016AA6b13eA3B53d792e0F95,https://poocoin.app/tokens/0xfdb93E15bcFE4852016AA6b13eA3B53d792e0F95,https://bscscan.com/token/0xfdb93E15bcFE4852016AA6b13eA3B53d792e0F95
NaN,0xB6E49C720f0Ba057158698099444E708c78c1915,2023-07-14 18:11:41,Pancakeswap Factory,https://pancakeswap.finance/swap?outputCurrency=0xB6E49C720f0Ba057158698099444E708c78c1915,https://poocoin.app/tokens/0xB6E49C720f0Ba057158698099444E708c78c1915,https://bscscan.com/token/0xB6E49C720f0Ba057158698099444E708c78c1915
JF,0x8797B679d8FC48cbd65331Ab30989687F6C19Eb1,2023-07-14 18:12:42,Pancakeswap Factory,https://pancakeswap.finance/swap?outputCurrency=0x8797B679d8FC48cbd65331Ab30989687F6C19Eb1,https://poocoin.app/tokens/0x8797B679d8FC48cbd65331Ab30989687F6C19Eb1,https://bscscan.com/token/0x8797B679d8FC48cbd65331Ab30989687F6C19Eb1
Black Rock Token,0xc59fa5599e1F5805b11C5207923ebfA414B2342A,2023-07-14 18:12:59,Pancakeswap Factory,https://pancakeswap.finance/swap?outputCurrency=0xc59fa5599e1F5805b11C5207923ebfA414B2342A,https://poocoin.app/tokens/0xc59fa5599e1F5805b11C5207923ebfA414B2342A,https://bscscan.com/token/0xc59fa5599e1F5805b11C5207923ebfA414B2342A
DOGE1,0x15985b044EA62848C6cea708B72C4A8731EC5F9F,2023-07-14 18:13:04,Pancakeswap Factory,https://pancakeswap.finance/swap?outputCurrency=0x15985b044EA62848C6cea708B72C4A8731EC5F9F,https://poocoin.app/tokens/0x15985b044EA62848C6cea708B72C4A8731EC5F9F,https://bscscan.com/token/0x15985b044EA62848C6cea708B72C4A8731EC5F9F
MooMoohCoin,0x89b27E03D98e2f32C82248c647cAE0ab0024E33f,2023-07-14 18:13:10,Pancakeswap Factory,https://pancakeswap.finance/swap?outputCurrency=0x89b27E03D98e2f32C82248c647cAE0ab0024E33f,https://poocoin.app/tokens/0x89b27E03D98e2f32C82248c647cAE0ab0024E33f,https://bscscan.com/token/0x89b27E03D98e2f32C82248c647cAE0ab0024E33f
Telegram inu,0x034491b8411CAFE599aEfd2d6C7715Fa10042658,2023-07-14 18:14:57,Pancakeswap Factory,https://pancakeswap.finance/swap?outputCurrency=0x034491b8411CAFE599aEfd2d6C7715Fa10042658,https://poocoin.app/tokens/0x034491b8411CAFE599aEfd2d6C7715Fa10042658,https://bscscan.com/token/0x034491b8411CAFE599aEfd2d6C7715Fa10042658
NaN,0x9A065A1c8bDa93555564b14512e98295a9D411DA,2023-07-14 18:15:23,Pancakeswap Factory,https://pancakeswap.finance/swap?outputCurrency=0x9A065A1c8bDa93555564b14512e98295a9D411DA,https://poocoin.app/tokens/0x9A065A1c8bDa93555564b14512e98295a9D411DA,https://bscscan.com/token/0x9A065A1c8bDa93555564b14512e98295a9D411DA
Snoopy AI,0x85FBF9bdaD491fA1EF461Ea0045Ac5D781363e64,2023-07-14 18:16:18,Pancakeswap Factory,https://pancakeswap.finance/swap?outputCurrency=0x85FBF9bdaD491fA1EF461Ea0045Ac5D781363e64,https://poocoin.app/tokens/0x85FBF9bdaD491fA1EF461Ea0045Ac5D781363e64,https://bscscan.com/token/0x85FBF9bdaD491fA1EF461Ea0045Ac5D781363e64
ALCARAZ,0x31b2c7B126f5A90c8F174d5662f8EE6D5b664806,2023-07-14 18:18:02,Pancakeswap Factory,https://pancakeswap.finance/swap?outputCurrency=0x31b2c7B126f5A90c8F174d5662f8EE6D5b664806,https://poocoin.app/tokens/0x31b2c7B126f5A90c8F174d5662f8EE6D5b664806,https://bscscan.com/token/0x31b2c7B126f5A90c8F174d5662f8EE6D5b664806
Move Wallet,0x74F4f673C1F4D1D2ccD43a29569d37D84533cEb3,2023-07-14 18:18:59,Pancakeswap Factory,https://pancakeswap.finance/swap?outputCurrency=0x74F4f673C1F4D1D2ccD43a29569d37D84533cEb3,https://poocoin.app/tokens/0x74F4f673C1F4D1D2ccD43a29569d37D84533cEb3,https://bscscan.com/token/0x74F4f673C1F4D1D2ccD43a29569d37D84533cEb3
Bware Labs,0x848eef562C4e776E19D817feEbd19374601B2B2a,2023-07-14 18:20:08,Pancakeswap Factory,https://pancakeswap.finance/swap?outputCurrency=0x848eef562C4e776E19D817feEbd19374601B2B2a,https://poocoin.app/tokens/0x848eef562C4e776E19D817feEbd19374601B2B2a,https://bscscan.com/token/0x848eef562C4e776E19D817feEbd19374601B2B2a
UMI,0x390307fe00e3b623d3EB9F96648C8F70bb25DA17,2023-07-14 18:20:23,Pancakeswap Factory,https://pancakeswap.finance/swap?outputCurrency=0x390307fe00e3b623d3EB9F96648C8F70bb25DA17,https://poocoin.app/tokens/0x390307fe00e3b623d3EB9F96648C8F70bb25DA17,https://bscscan.com/token/0x390307fe00e3b623d3EB9F96648C8F70bb25DA17
NaN,0x3B64108e0E851318c14c01Db6C9022C2dE35b53a,2023-07-14 18:21:01,Pancakeswap Factory,https://pancakeswap.finance/swap?outputCurrency=0x3B64108e0E851318c14c01Db6C9022C2dE35b53a,https://poocoin.app/tokens/0x3B64108e0E851318c14c01Db6C9022C2dE35b53a,https://bscscan.com/token/0x3B64108e0E851318c14c01Db6C9022C2dE35b53a
NaN,0x9aA3F76C816D48BBE6E1195B55A5EF3E5CcA6bb1,2023-07-14 18:22:50,Pancakeswap Factory,https://pancakeswap.finance/swap?outputCurrency=0x9aA3F76C816D48BBE6E1195B55A5EF3E5CcA6bb1,https://poocoin.app/tokens/0x9aA3F76C816D48BBE6E1195B55A5EF3E5CcA6bb1,https://bscscan.com/token/0x9aA3F76C816D48BBE6E1195B55A5EF3E5CcA6bb1
Pepe Luck Coin,0xb3Ff03473319166EA0cc35c6e24EaCB66323BFd5,2023-07-14 18:25:06,Pancakeswap Factory,https://pancakeswap.finance/swap?outputCurrency=0xb3Ff03473319166EA0cc35c6e24EaCB66323BFd5,https://poocoin.app/tokens/0xb3Ff03473319166EA0cc35c6e24EaCB66323BFd5,https://bscscan.com/token/0xb3Ff03473319166EA0cc35c6e24EaCB66323BFd5
NaN,0x66c56B07dc92966ce98903Ae19A3702256699641,2023-07-14 18:25:11,Pancakeswap Factory,https://pancakeswap.finance/swap?outputCurrency=0x66c56B07dc92966ce98903Ae19A3702256699641,https://poocoin.app/tokens/0x66c56B07dc92966ce98903Ae19A3702256699641,https://bscscan.com/token/0x66c56B07dc92966ce98903Ae19A3702256699641
Rabbit2.0,0x5299613f94d195aa4a785068B52326C0183C18a5,2023-07-14 18:25:32,Pancakeswap Factory,https://pancakeswap.finance/swap?outputCurrency=0x5299613f94d195aa4a785068B52326C0183C18a5,https://poocoin.app/tokens/0x5299613f94d195aa4a785068B52326C0183C18a5,https://bscscan.com/token/0x5299613f94d195aa4a785068B52326C0183C18a5
SNX2.0,0x0e164A29C36E17eB6CA1D08b66e4F056E6967e83,2023-07-14 18:25:51,Pancakeswap Factory,https://pancakeswap.finance/swap?outputCurrency=0x0e164A29C36E17eB6CA1D08b66e4F056E6967e83,https://poocoin.app/tokens/0x0e164A29C36E17eB6CA1D08b66e4F056E6967e83,https://bscscan.com/token/0x0e164A29C36E17eB6CA1D08b66e4F056E6967e83
NaN,0x938C2B79E4C6c8bA207E61c5aE09746B8230c62d,2023-07-14 18:26:02,Pancakeswap Factory,https://pancakeswap.finance/swap?outputCurrency=0x938C2B79E4C6c8bA207E61c5aE09746B8230c62d,https://poocoin.app/tokens/0x938C2B79E4C6c8bA207E61c5aE09746B8230c62d,https://bscscan.com/token/0x938C2B79E4C6c8bA207E61c5aE09746B8230c62d
NaN,0x4ce420A38195c8FeDDB3BA432055C1A03Aec0F08,2023-07-14 18:27:09,Pancakeswap Factory,https://pancakeswap.finance/swap?outputCurrency=0x4ce420A38195c8FeDDB3BA432055C1A03Aec0F08,https://poocoin.app/tokens/0x4ce420A38195c8FeDDB3BA432055C1A03Aec0F08,https://bscscan.com/token/0x4ce420A38195c8FeDDB3BA432055C1A03Aec0F08
KK,0xD3c773347b358d9fFdfAF3eBD007BEe219Ac4B4B,2023-07-14 18:27:14,Pancakeswap Factory,https://pancakeswap.finance/swap?outputCurrency=0xD3c773347b358d9fFdfAF3eBD007BEe219Ac4B4B,https://poocoin.app/tokens/0xD3c773347b358d9fFdfAF3eBD007BEe219Ac4B4B,https://bscscan.com/token/0xD3c773347b358d9fFdfAF3eBD007BEe219Ac4B4B
TUSDD,0xa21E36286CA869341C1C6aDAD3578851bBB16cdb,2023-07-14 18:28:28,Pancakeswap Factory,https://pancakeswap.finance/swap?outputCurrency=0xa21E36286CA869341C1C6aDAD3578851bBB16cdb,https://poocoin.app/tokens/0xa21E36286CA869341C1C6aDAD3578851bBB16cdb,https://bscscan.com/token/0xa21E36286CA869341C1C6aDAD3578851bBB16cdb
Diamond Peipei,0xA5a5991F7A39C7C9151995CB671467D291b04972,2023-07-14 18:28:47,Pancakeswap Factory,https://pancakeswap.finance/swap?outputCurrency=0xA5a5991F7A39C7C9151995CB671467D291b04972,https://poocoin.app/tokens/0xA5a5991F7A39C7C9151995CB671467D291b04972,https://bscscan.com/token/0xA5a5991F7A39C7C9151995CB671467D291b04972
NaN,0xFD78C892f509Ee2726a441A27D5a3b4971b3f484,2023-07-14 18:29:17,Pancakeswap Factory,https://pancakeswap.finance/swap?outputCurrency=0xFD78C892f509Ee2726a441A27D5a3b4971b3f484,https://poocoin.app/tokens/0xFD78C892f509Ee2726a441A27D5a3b4971b3f484,https://bscscan.com/token/0xFD78C892f509Ee2726a441A27D5a3b4971b3f484
NaN,0x90353C0140272185D566155D58c5E5AFe62cEedC,2023-07-14 18:29:17,Pancakeswap Factory,https://pancakeswap.finance/swap?outputCurrency=0x90353C0140272185D566155D58c5E5AFe62cEedC,https://poocoin.app/tokens/0x90353C0140272185D566155D58c5E5AFe62cEedC,https://bscscan.com/token/0x90353C0140272185D566155D58c5E5AFe62cEedC
Wrapped XRP,0x3BC86dE3Fc3CAA9987Eb1e4ef3034837DcC5559b,2023-07-14 18:29:49,Pancakeswap Factory,https://pancakeswap.finance/swap?outputCurrency=0x3BC86dE3Fc3CAA9987Eb1e4ef3034837DcC5559b,https://poocoin.app/tokens/0x3BC86dE3Fc3CAA9987Eb1e4ef3034837DcC5559b,https://bscscan.com/token/0x3BC86dE3Fc3CAA9987Eb1e4ef3034837DcC5559b
NONE,0x942b5509905D95CA259029f81705BbE7789E20CA,2023-07-14 18:30:52,Pancakeswap Factory,https://pancakeswap.finance/swap?outputCurrency=0x942b5509905D95CA259029f81705BbE7789E20CA,https://poocoin.app/tokens/0x942b5509905D95CA259029f81705BbE7789E20CA,https://bscscan.com/token/0x942b5509905D95CA259029f81705BbE7789E20CA
M1,0xb6Cd4c4991fe24Cf0E88cC2F94cb23f026D2c60b,2023-07-14 18:31:32,Pancakeswap Factory,https://pancakeswap.finance/swap?outputCurrency=0xb6Cd4c4991fe24Cf0E88cC2F94cb23f026D2c60b,https://poocoin.app/tokens/0xb6Cd4c4991fe24Cf0E88cC2F94cb23f026D2c60b,https://bscscan.com/token/0xb6Cd4c4991fe24Cf0E88cC2F94cb23f026D2c60b
Forever Floki 2.0,0x414845e5213E710fC726b36D5417E23857a80240,2023-07-14 18:33:34,Pancakeswap Factory,https://pancakeswap.finance/swap?outputCurrency=0x414845e5213E710fC726b36D5417E23857a80240,https://poocoin.app/tokens/0x414845e5213E710fC726b36D5417E23857a80240,https://bscscan.com/token/0x414845e5213E710fC726b36D5417E23857a80240
Shibaverse,0x146364d73c8fD478996eB418ae4F959acF61E35D,2023-07-14 18:35:06,Pancakeswap Factory,https://pancakeswap.finance/swap?outputCurrency=0x146364d73c8fD478996eB418ae4F959acF61E35D,https://poocoin.app/tokens/0x146364d73c8fD478996eB418ae4F959acF61E35D,https://bscscan.com/token/0x146364d73c8fD478996eB418ae4F959acF61E35D
Pepe Inu,0xFf8b1882cCf410FEC47daBc3EC423F3F63DdA0CE,2023-07-14 18:38:24,Pancakeswap Factory,https://pancakeswap.finance/swap?outputCurrency=0xFf8b1882cCf410FEC47daBc3EC423F3F63DdA0CE,https://poocoin.app/tokens/0xFf8b1882cCf410FEC47daBc3EC423F3F63DdA0CE,https://bscscan.com/token/0xFf8b1882cCf410FEC47daBc3EC423F3F63DdA0CE
Eclipse,0xA0478399Eb48032139F4a6592D539c52Bf66DB1A,2023-07-14 18:40:55,Pancakeswap Factory,https://pancakeswap.finance/swap?outputCurrency=0xA0478399Eb48032139F4a6592D539c52Bf66DB1A,https://poocoin.app/tokens/0xA0478399Eb48032139F4a6592D539c52Bf66DB1A,https://bscscan.com/token/0xA0478399Eb48032139F4a6592D539c52Bf66DB1A
Orbofi,0xc31542D3b962634B25ce370C53d58C1FD3Fe648f,2023-07-14 18:42:54,Pancakeswap Factory,https://pancakeswap.finance/swap?outputCurrency=0xc31542D3b962634B25ce370C53d58C1FD3Fe648f,https://poocoin.app/tokens/0xc31542D3b962634B25ce370C53d58C1FD3Fe648f,https://bscscan.com/token/0xc31542D3b962634B25ce370C53d58C1FD3Fe648f
RUG GAME,0x19005AC6C1573C1a11b251Bb1E42eAC75889a752,2023-07-14 18:46:46,Pancakeswap Factory,https://pancakeswap.finance/swap?outputCurrency=0x19005AC6C1573C1a11b251Bb1E42eAC75889a752,https://poocoin.app/tokens/0x19005AC6C1573C1a11b251Bb1E42eAC75889a752,https://bscscan.com/token/0x19005AC6C1573C1a11b251Bb1E42eAC75889a752
Ocean Network,0xeE3Af26ED1410BEB71974619B7EB116107205120,2023-07-14 18:47:58,Pancakeswap Factory,https://pancakeswap.finance/swap?outputCurrency=0xeE3Af26ED1410BEB71974619B7EB116107205120,https://poocoin.app/tokens/0xeE3Af26ED1410BEB71974619B7EB116107205120,https://bscscan.com/token/0xeE3Af26ED1410BEB71974619B7EB116107205120
JF,0x2578f10008db9753ebFcEe4dC8c71Afa60386449,2023-07-14 18:49:30,Pancakeswap Factory,https://pancakeswap.finance/swap?outputCurrency=0x2578f10008db9753ebFcEe4dC8c71Afa60386449,https://poocoin.app/tokens/0x2578f10008db9753ebFcEe4dC8c71Afa60386449,https://bscscan.com/token/0x2578f10008db9753ebFcEe4dC8c71Afa60386449
Elon Army,0x5aA895183b04Ec2eca8C02141bBf71BF017ac059,2023-07-14 18:49:55,Pancakeswap Factory,https://pancakeswap.finance/swap?outputCurrency=0x5aA895183b04Ec2eca8C02141bBf71BF017ac059,https://poocoin.app/tokens/0x5aA895183b04Ec2eca8C02141bBf71BF017ac059,https://bscscan.com/token/0x5aA895183b04Ec2eca8C02141bBf71BF017ac059
Pepe DAO,0x12c2277110401A713f0E3f337B260F50Fd00C6fC,2023-07-14 18:50:31,Pancakeswap Factory,https://pancakeswap.finance/swap?outputCurrency=0x12c2277110401A713f0E3f337B260F50Fd00C6fC,https://poocoin.app/tokens/0x12c2277110401A713f0E3f337B260F50Fd00C6fC,https://bscscan.com/token/0x12c2277110401A713f0E3f337B260F50Fd00C6fC
NaN,0xfa20F3aE46D6a6bec27839fe705d621196B5d4B3,2023-07-14 18:51:38,Pancakeswap Factory,https://pancakeswap.finance/swap?outputCurrency=0xfa20F3aE46D6a6bec27839fe705d621196B5d4B3,https://poocoin.app/tokens/0xfa20F3aE46D6a6bec27839fe705d621196B5d4B3,https://bscscan.com/token/0xfa20F3aE46D6a6bec27839fe705d621196B5d4B3
Micro Rabbit,0xcE5826BC9E041C7B378182E937c53C0Fa721C911,2023-07-14 18:52:40,Pancakeswap Factory,https://pancakeswap.finance/swap?outputCurrency=0xcE5826BC9E041C7B378182E937c53C0Fa721C911,https://poocoin.app/tokens/0xcE5826BC9E041C7B378182E937c53C0Fa721C911,https://bscscan.com/token/0xcE5826BC9E041C7B378182E937c53C0Fa721C911
xAI,0x94BE02Ac69a3777614107F359Acea7f4CD4E9562,2023-07-14 18:52:56,Pancakeswap Factory,https://pancakeswap.finance/swap?outputCurrency=0x94BE02Ac69a3777614107F359Acea7f4CD4E9562,https://poocoin.app/tokens/0x94BE02Ac69a3777614107F359Acea7f4CD4E9562,https://bscscan.com/token/0x94BE02Ac69a3777614107F359Acea7f4CD4E9562
NaN,0x4EA9db624aD9F37B79409558eF7a8e9de9A011FB,2023-07-14 18:54:04,Pancakeswap Factory,https://pancakeswap.finance/swap?outputCurrency=0x4EA9db624aD9F37B79409558eF7a8e9de9A011FB,https://poocoin.app/tokens/0x4EA9db624aD9F37B79409558eF7a8e9de9A011FB,https://bscscan.com/token/0x4EA9db624aD9F37B79409558eF7a8e9de9A011FB
JellyINU,0x35CAFAF8691980e492dC2d8FfEC08990B2C61DDa,2023-07-14 18:57:22,Pancakeswap Factory,https://pancakeswap.finance/swap?outputCurrency=0x35CAFAF8691980e492dC2d8FfEC08990B2C61DDa,https://poocoin.app/tokens/0x35CAFAF8691980e492dC2d8FfEC08990B2C61DDa,https://bscscan.com/token/0x35CAFAF8691980e492dC2d8FfEC08990B2C61DDa
NaN,0xE0edEBA6A8e38854CC3B99FdC6D04Cd10f0997d9,2023-07-14 18:57:33,Pancakeswap Factory,https://pancakeswap.finance/swap?outputCurrency=0xE0edEBA6A8e38854CC3B99FdC6D04Cd10f0997d9,https://poocoin.app/tokens/0xE0edEBA6A8e38854CC3B99FdC6D04Cd10f0997d9,https://bscscan.com/token/0xE0edEBA6A8e38854CC3B99FdC6D04Cd10f0997d9
ZOE BNB,0xF34A40a80b2c0B099E294AC6f268316E059628cF,2023-07-14 18:58:30,Pancakeswap Factory,https://pancakeswap.finance/swap?outputCurrency=0xF34A40a80b2c0B099E294AC6f268316E059628cF,https://poocoin.app/tokens/0xF34A40a80b2c0B099E294AC6f268316E059628cF,https://bscscan.com/token/0xF34A40a80b2c0B099E294AC6f268316E059628cF
XrpYacht Club,0x71DCE6ece4307b531ca54255C4f7ceE260A8eB0A,2023-07-14 18:59:08,Pancakeswap Factory,https://pancakeswap.finance/swap?outputCurrency=0x71DCE6ece4307b531ca54255C4f7ceE260A8eB0A,https://poocoin.app/tokens/0x71DCE6ece4307b531ca54255C4f7ceE260A8eB0A,https://bscscan.com/token/0x71DCE6ece4307b531ca54255C4f7ceE260A8eB0A
xxx,0x16ea82C75a4d5967262A5038D4c5CF26151d059B,2023-07-14 18:59:44,Pancakeswap Factory,https://pancakeswap.finance/swap?outputCurrency=0x16ea82C75a4d5967262A5038D4c5CF26151d059B,https://poocoin.app/tokens/0x16ea82C75a4d5967262A5038D4c5CF26151d059B,https://bscscan.com/token/0x16ea82C75a4d5967262A5038D4c5CF26151d059B
XPT,0xd901e4F5EF8a257f746Df95aB3a052e9EBAd67E4,2023-07-14 19:01:44,Pancakeswap Factory,https://pancakeswap.finance/swap?outputCurrency=0xd901e4F5EF8a257f746Df95aB3a052e9EBAd67E4,https://poocoin.app/tokens/0xd901e4F5EF8a257f746Df95aB3a052e9EBAd67E4,https://bscscan.com/token/0xd901e4F5EF8a257f746Df95aB3a052e9EBAd67E4
LADYS2.0,0x4FE061970471f105AeFB84865c4628435593B7d2,2023-07-14 19:02:20,Pancakeswap Factory,https://pancakeswap.finance/swap?outputCurrency=0x4FE061970471f105AeFB84865c4628435593B7d2,https://poocoin.app/tokens/0x4FE061970471f105AeFB84865c4628435593B7d2,https://bscscan.com/token/0x4FE061970471f105AeFB84865c4628435593B7d2
666,0x3b2d9b1BA8d0734A345056f2956CF1D6Eae66666,2023-07-14 19:02:38,Pancakeswap Factory,https://pancakeswap.finance/swap?outputCurrency=0x3b2d9b1BA8d0734A345056f2956CF1D6Eae66666,https://poocoin.app/tokens/0x3b2d9b1BA8d0734A345056f2956CF1D6Eae66666,https://bscscan.com/token/0x3b2d9b1BA8d0734A345056f2956CF1D6Eae66666
Zk Moon,0xABecC2949898Ba73514565Ca5caee0298D5cd6dB,2023-07-14 19:08:56,Pancakeswap Factory,https://pancakeswap.finance/swap?outputCurrency=0xABecC2949898Ba73514565Ca5caee0298D5cd6dB,https://poocoin.app/tokens/0xABecC2949898Ba73514565Ca5caee0298D5cd6dB,https://bscscan.com/token/0xABecC2949898Ba73514565Ca5caee0298D5cd6dB
Pretty Ass White Girls,0x341797799d4DB336C7ABdf3DF50AD51388dcd620,2023-07-14 19:09:31,Pancakeswap Factory,https://pancakeswap.finance/swap?outputCurrency=0x341797799d4DB336C7ABdf3DF50AD51388dcd620,https://poocoin.app/tokens/0x341797799d4DB336C7ABdf3DF50AD51388dcd620,https://bscscan.com/token/0x341797799d4DB336C7ABdf3DF50AD51388dcd620
Ttest,0xD7DfD83403875c053168215e910E3cB16608f846,2023-07-14 19:10:07,Pancakeswap Factory,https://pancakeswap.finance/swap?outputCurrency=0xD7DfD83403875c053168215e910E3cB16608f846,https://poocoin.app/tokens/0xD7DfD83403875c053168215e910E3cB16608f846,https://bscscan.com/token/0xD7DfD83403875c053168215e910E3cB16608f846
NaN,0x02cd353c5f29aCB67e8684369E471eA15a7F7d60,2023-07-14 19:11:00,Pancakeswap Factory,https://pancakeswap.finance/swap?outputCurrency=0x02cd353c5f29aCB67e8684369E471eA15a7F7d60,https://poocoin.app/tokens/0x02cd353c5f29aCB67e8684369E471eA15a7F7d60,https://bscscan.com/token/0x02cd353c5f29aCB67e8684369E471eA15a7F7d60
Grey Wallet,0x1b45FB9F705381feE53C25CE313Cb3D7Fa8152e7,2023-07-14 19:12:52,Pancakeswap Factory,https://pancakeswap.finance/swap?outputCurrency=0x1b45FB9F705381feE53C25CE313Cb3D7Fa8152e7,https://poocoin.app/tokens/0x1b45FB9F705381feE53C25CE313Cb3D7Fa8152e7,https://bscscan.com/token/0x1b45FB9F705381feE53C25CE313Cb3D7Fa8152e7
Metaverse System Token,0x664AB837AB1073fD0ac8E237F8E8D383745f6925,2023-07-14 19:13:34,Pancakeswap Factory,https://pancakeswap.finance/swap?outputCurrency=0x664AB837AB1073fD0ac8E237F8E8D383745f6925,https://poocoin.app/tokens/0x664AB837AB1073fD0ac8E237F8E8D383745f6925,https://bscscan.com/token/0x664AB837AB1073fD0ac8E237F8E8D383745f6925
NaN,0xb9C031C9C2Ea0d76F1215444A2426831BeC3DaeC,2023-07-14 19:15:18,Pancakeswap Factory,https://pancakeswap.finance/swap?outputCurrency=0xb9C031C9C2Ea0d76F1215444A2426831BeC3DaeC,https://poocoin.app/tokens/0xb9C031C9C2Ea0d76F1215444A2426831BeC3DaeC,https://bscscan.com/token/0xb9C031C9C2Ea0d76F1215444A2426831BeC3DaeC
Red Fox,0x5D4f6D5c5384826959BC9b295a5F453F64796906,2023-07-14 19:15:57,Pancakeswap Factory,https://pancakeswap.finance/swap?outputCurrency=0x5D4f6D5c5384826959BC9b295a5F453F64796906,https://poocoin.app/tokens/0x5D4f6D5c5384826959BC9b295a5F453F64796906,https://bscscan.com/token/0x5D4f6D5c5384826959BC9b295a5F453F64796906
GAINS NETWORK,0x694D7f1bfdD4B2e68645055403B399346A5b7B60,2023-07-14 19:16:00,Pancakeswap Factory,https://pancakeswap.finance/swap?outputCurrency=0x694D7f1bfdD4B2e68645055403B399346A5b7B60,https://poocoin.app/tokens/0x694D7f1bfdD4B2e68645055403B399346A5b7B60,https://bscscan.com/token/0x694D7f1bfdD4B2e68645055403B399346A5b7B60
Forever Floki 2.0,0x4e8c70dfda7878a5936D77155097b8ABC7773a20,2023-07-14 19:16:42,Pancakeswap Factory,https://pancakeswap.finance/swap?outputCurrency=0x4e8c70dfda7878a5936D77155097b8ABC7773a20,https://poocoin.app/tokens/0x4e8c70dfda7878a5936D77155097b8ABC7773a20,https://bscscan.com/token/0x4e8c70dfda7878a5936D77155097b8ABC7773a20
Xrp Floki,0x0840b17E7f6163B4578aE12A4D5c1c26ae33bd4A,2023-07-14 19:17:01,Pancakeswap Factory,https://pancakeswap.finance/swap?outputCurrency=0x0840b17E7f6163B4578aE12A4D5c1c26ae33bd4A,https://poocoin.app/tokens/0x0840b17E7f6163B4578aE12A4D5c1c26ae33bd4A,https://bscscan.com/token/0x0840b17E7f6163B4578aE12A4D5c1c26ae33bd4A
Open Network,0x066D0F5ff0f3681F738f3167799Bf0Cf2cdaae1F,2023-07-14 19:20:36,Pancakeswap Factory,https://pancakeswap.finance/swap?outputCurrency=0x066D0F5ff0f3681F738f3167799Bf0Cf2cdaae1F,https://poocoin.app/tokens/0x066D0F5ff0f3681F738f3167799Bf0Cf2cdaae1F,https://bscscan.com/token/0x066D0F5ff0f3681F738f3167799Bf0Cf2cdaae1F
NaN,0x0d1d5aFF0e37E30C8e501510F9AD2f05B46a8eF5,2023-07-14 19:22:50,Pancakeswap Factory,https://pancakeswap.finance/swap?outputCurrency=0x0d1d5aFF0e37E30C8e501510F9AD2f05B46a8eF5,https://poocoin.app/tokens/0x0d1d5aFF0e37E30C8e501510F9AD2f05B46a8eF5,https://bscscan.com/token/0x0d1d5aFF0e37E30C8e501510F9AD2f05B46a8eF5
TSUKA2.0,0xC4A79724921f783172DA1E0563b480028C54c9C7,2023-07-14 19:26:12,Pancakeswap Factory,https://pancakeswap.finance/swap?outputCurrency=0xC4A79724921f783172DA1E0563b480028C54c9C7,https://poocoin.app/tokens/0xC4A79724921f783172DA1E0563b480028C54c9C7,https://bscscan.com/token/0xC4A79724921f783172DA1E0563b480028C54c9C7
NaN,0xeaFD9Ec012a55980Be1bC28c56482977AAef2eC1,2023-07-14 19:26:13,Pancakeswap Factory,https://pancakeswap.finance/swap?outputCurrency=0xeaFD9Ec012a55980Be1bC28c56482977AAef2eC1,https://poocoin.app/tokens/0xeaFD9Ec012a55980Be1bC28c56482977AAef2eC1,https://bscscan.com/token/0xeaFD9Ec012a55980Be1bC28c56482977AAef2eC1
HATO,0xd8Bed71589cfbE5755848a60955D3caEfc48f5A2,2023-10-02 12:55:18,Pancakeswap Factory,https://pancakeswap.finance/swap?outputCurrency=0xd8Bed71589cfbE5755848a60955D3caEfc48f5A2,https://poocoin.app/tokens/0xd8Bed71589cfbE5755848a60955D3caEfc48f5A2,https://bscscan.com/token/0xd8Bed71589cfbE5755848a60955D3caEfc48f5A2
BABYLONG,0xDc4f87a927e366aEb09dcD56b2252dC88b2ec7eE,2023-10-02 13:01:13,Pancakeswap Factory,https://pancakeswap.finance/swap?outputCurrency=0xDc4f87a927e366aEb09dcD56b2252dC88b2ec7eE,https://poocoin.app/tokens/0xDc4f87a927e366aEb09dcD56b2252dC88b2ec7eE,https://bscscan.com/token/0xDc4f87a927e366aEb09dcD56b2252dC88b2ec7eE
KEDO,0xcca6E4fF0AB6166c1d3f5537A9120Fe95AB28158,2023-10-02 13:05:10,Pancakeswap Factory,https://pancakeswap.finance/swap?outputCurrency=0xcca6E4fF0AB6166c1d3f5537A9120Fe95AB28158,https://poocoin.app/tokens/0xcca6E4fF0AB6166c1d3f5537A9120Fe95AB28158,https://bscscan.com/token/0xcca6E4fF0AB6166c1d3f5537A9120Fe95AB28158
Majin Boo Inu,0x4243c09BBc24CFa99b063337cd38d6D7228A0819,2023-10-02 13:05:58,Pancakeswap Factory,https://pancakeswap.finance/swap?outputCurrency=0x4243c09BBc24CFa99b063337cd38d6D7228A0819,https://poocoin.app/tokens/0x4243c09BBc24CFa99b063337cd38d6D7228A0819,https://bscscan.com/token/0x4243c09BBc24CFa99b063337cd38d6D7228A0819
Qlite2.0,0xFb71679c408E40ED52547a3e344a6daB06390358,2023-10-02 13:10:32,Pancakeswap Factory,https://pancakeswap.finance/swap?outputCurrency=0xFb71679c408E40ED52547a3e344a6daB06390358,https://poocoin.app/tokens/0xFb71679c408E40ED52547a3e344a6daB06390358,https://bscscan.com/token/0xFb71679c408E40ED52547a3e344a6daB06390358
Little Pepe,0x3B079818734Ef9e677a88cCB5FB9a209e07c08d9,2023-10-02 13:20:27,Pancakeswap Factory,https://pancakeswap.finance/swap?outputCurrency=0x3B079818734Ef9e677a88cCB5FB9a209e07c08d9,https://poocoin.app/tokens/0x3B079818734Ef9e677a88cCB5FB9a209e07c08d9,https://bscscan.com/token/0x3B079818734Ef9e677a88cCB5FB9a209e07c08d9
Holy Bread,0xcE2ac7de1EC8566DbDa6Af83a69524Ee3039D398,2023-10-02 13:21:11,Pancakeswap Factory,https://pancakeswap.finance/swap?outputCurrency=0xcE2ac7de1EC8566DbDa6Af83a69524Ee3039D398,https://poocoin.app/tokens/0xcE2ac7de1EC8566DbDa6Af83a69524Ee3039D398,https://bscscan.com/token/0xcE2ac7de1EC8566DbDa6Af83a69524Ee3039D398
Trabas Army Capital,0xaF0d3677Db352c4919B8403A6fce7e3191e47ef1,2023-10-02 13:22:37,Pancakeswap Factory,https://pancakeswap.finance/swap?outputCurrency=0xaF0d3677Db352c4919B8403A6fce7e3191e47ef1,https://poocoin.app/tokens/0xaF0d3677Db352c4919B8403A6fce7e3191e47ef1,https://bscscan.com/token/0xaF0d3677Db352c4919B8403A6fce7e3191e47ef1
Pepe Tomato,0xB53B63FAf9Dce41867E28b2374A6BF8000De0019,2023-10-02 13:24:54,Pancakeswap Factory,https://pancakeswap.finance/swap?outputCurrency=0xB53B63FAf9Dce41867E28b2374A6BF8000De0019,https://poocoin.app/tokens/0xB53B63FAf9Dce41867E28b2374A6BF8000De0019,https://bscscan.com/token/0xB53B63FAf9Dce41867E28b2374A6BF8000De0019
Harmony,0x9D4F26428D31f6FD821E59e1dAf0bE9339421E75,2023-10-02 13:26:29,Pancakeswap Factory,https://pancakeswap.finance/swap?outputCurrency=0x9D4F26428D31f6FD821E59e1dAf0bE9339421E75,https://poocoin.app/tokens/0x9D4F26428D31f6FD821E59e1dAf0bE9339421E75,https://bscscan.com/token/0x9D4F26428D31f6FD821E59e1dAf0bE9339421E75
Kabosu,0x3FcF1d5918EA9b56314D6eaFeCED4dd2fFbC8017,2023-10-02 11:27:32,Pancakeswap Factory,https://pancakeswap.finance/swap?outputCurrency=0x3FcF1d5918EA9b56314D6eaFeCED4dd2fFbC8017,https://poocoin.app/tokens/0x3FcF1d5918EA9b56314D6eaFeCED4dd2fFbC8017,https://bscscan.com/token/0x3FcF1d5918EA9b56314D6eaFeCED4dd2fFbC8017
BONEX,0x2A52a745a84B2e96b53064f471734bb53dBddC74,2023-10-02 11:29:32,Pancakeswap Factory,https://pancakeswap.finance/swap?outputCurrency=0x2A52a745a84B2e96b53064f471734bb53dBddC74,https://poocoin.app/tokens/0x2A52a745a84B2e96b53064f471734bb53dBddC74,https://bscscan.com/token/0x2A52a745a84B2e96b53064f471734bb53dBddC74
FKRA,0x0d20D2b1b80A0e48764D632D011c6c6c7e87F3fc,2023-10-02 11:30:29,Pancakeswap Factory,https://pancakeswap.finance/swap?outputCurrency=0x0d20D2b1b80A0e48764D632D011c6c6c7e87F3fc,https://poocoin.app/tokens/0x0d20D2b1b80A0e48764D632D011c6c6c7e87F3fc,https://bscscan.com/token/0x0d20D2b1b80A0e48764D632D011c6c6c7e87F3fc
YYDS,0x42fD51F9bc493880C1C279508727D888f4812d72,2023-10-02 11:33:27,Pancakeswap Factory,https://pancakeswap.finance/swap?outputCurrency=0x42fD51F9bc493880C1C279508727D888f4812d72,https://poocoin.app/tokens/0x42fD51F9bc493880C1C279508727D888f4812d72,https://bscscan.com/token/0x42fD51F9bc493880C1C279508727D888f4812d72
Holy Bread,0xC8529052cF062Ef8f424884a7891B13316C1E8ea,2023-10-02 11:35:42,Pancakeswap Factory,https://pancakeswap.finance/swap?outputCurrency=0xC8529052cF062Ef8f424884a7891B13316C1E8ea,https://poocoin.app/tokens/0xC8529052cF062Ef8f424884a7891B13316C1E8ea,https://bscscan.com/token/0xC8529052cF062Ef8f424884a7891B13316C1E8ea
SUCA,0xdD8F231Ec588f9F69a0064d738427e8e194eAFD7,2023-10-02 11:37:03,Pancakeswap Factory,https://pancakeswap.finance/swap?outputCurrency=0xdD8F231Ec588f9F69a0064d738427e8e194eAFD7,https://poocoin.app/tokens/0xdD8F231Ec588f9F69a0064d738427e8e194eAFD7,https://bscscan.com/token/0xdD8F231Ec588f9F69a0064d738427e8e194eAFD7
PUSH,0xC34D76C22D78Ab7a0f2e3AB377B141c83D46F58E,2023-10-02 11:38:02,Pancakeswap Factory,https://pancakeswap.finance/swap?outputCurrency=0xC34D76C22D78Ab7a0f2e3AB377B141c83D46F58E,https://poocoin.app/tokens/0xC34D76C22D78Ab7a0f2e3AB377B141c83D46F58E,https://bscscan.com/token/0xC34D76C22D78Ab7a0f2e3AB377B141c83D46F58E
Black Monkey,0x9f3aF0ddc15f286e7e4607265b4F4921B85269f8,2023-10-02 11:39:07,Pancakeswap Factory,https://pancakeswap.finance/swap?outputCurrency=0x9f3aF0ddc15f286e7e4607265b4F4921B85269f8,https://poocoin.app/tokens/0x9f3aF0ddc15f286e7e4607265b4F4921B85269f8,https://bscscan.com/token/0x9f3aF0ddc15f286e7e4607265b4F4921B85269f8
UPtober,0x393E3c0f850904c4804c7981b4821776Ab432fd9,2023-10-02 11:40:40,Pancakeswap Factory,https://pancakeswap.finance/swap?outputCurrency=0x393E3c0f850904c4804c7981b4821776Ab432fd9,https://poocoin.app/tokens/0x393E3c0f850904c4804c7981b4821776Ab432fd9,https://bscscan.com/token/0x393E3c0f850904c4804c7981b4821776Ab432fd9
Chain of Alliance,0x4E0a8C7Ed48d48950755b455536E621B5aa056D3,2023-10-02 11:46:15,Pancakeswap Factory,https://pancakeswap.finance/swap?outputCurrency=0x4E0a8C7Ed48d48950755b455536E621B5aa056D3,https://poocoin.app/tokens/0x4E0a8C7Ed48d48950755b455536E621B5aa056D3,https://bscscan.com/token/0x4E0a8C7Ed48d48950755b455536E621B5aa056D3
Chain of Alliance,0xea6Fe43F39dc36d95C2Eda072F2e73D9dD2E7273,2023-10-02 11:47:08,Pancakeswap Factory,https://pancakeswap.finance/swap?outputCurrency=0xea6Fe43F39dc36d95C2Eda072F2e73D9dD2E7273,https://poocoin.app/tokens/0xea6Fe43F39dc36d95C2Eda072F2e73D9dD2E7273,https://bscscan.com/token/0xea6Fe43F39dc36d95C2Eda072F2e73D9dD2E7273
BLOCK CONNECTOR,0xAf5585C5F3a40666F4E09207fbb0944cDD6c053b,2023-10-02 11:47:13,Pancakeswap Factory,https://pancakeswap.finance/swap?outputCurrency=0xAf5585C5F3a40666F4E09207fbb0944cDD6c053b,https://poocoin.app/tokens/0xAf5585C5F3a40666F4E09207fbb0944cDD6c053b,https://bscscan.com/token/0xAf5585C5F3a40666F4E09207fbb0944cDD6c053b
Pi,0xE3DfB9Bd44897C8AbAcA4da0B03DB333345A5192,2023-10-02 11:47:20,Pancakeswap Factory,https://pancakeswap.finance/swap?outputCurrency=0xE3DfB9Bd44897C8AbAcA4da0B03DB333345A5192,https://poocoin.app/tokens/0xE3DfB9Bd44897C8AbAcA4da0B03DB333345A5192,https://bscscan.com/token/0xE3DfB9Bd44897C8AbAcA4da0B03DB333345A5192
Kabosu,0x71e285Fdcc491d2a7863EfdE98979AB0fd74167c,2023-10-02 11:47:27,Pancakeswap Factory,https://pancakeswap.finance/swap?outputCurrency=0x71e285Fdcc491d2a7863EfdE98979AB0fd74167c,https://poocoin.app/tokens/0x71e285Fdcc491d2a7863EfdE98979AB0fd74167c,https://bscscan.com/token/0x71e285Fdcc491d2a7863EfdE98979AB0fd74167c
XDOGECOIN,0x5816F112fFd3378e56c2775B23061425B9ac5119,2023-10-02 11:51:26,Pancakeswap Factory,https://pancakeswap.finance/swap?outputCurrency=0x5816F112fFd3378e56c2775B23061425B9ac5119,https://poocoin.app/tokens/0x5816F112fFd3378e56c2775B23061425B9ac5119,https://bscscan.com/token/0x5816F112fFd3378e56c2775B23061425B9ac5119
